<?xml version="1.0" encoding="UTF-8" ?>
<PortableProgramData version="2">
    <AppList_Highlight32bit type="1">1</AppList_Highlight32bit>
    <AppList_HighlightRecent type="1">1</AppList_HighlightRecent>
    <AppList_IconSize type="1">1</AppList_IconSize>
    <AppList_ShowPopup type="1">1</AppList_ShowPopup>
    <CheckForBetaVersions type="1">0</CheckForBetaVersions>
    <ColorScheme type="1">0</ColorScheme>
    <General_UseTC type="1">0</General_UseTC>
    <InitialSortOrder type="1">0</InitialSortOrder>
    <InitialSortParam type="1">1</InitialSortParam>
    <Interface_Language type="2">Russian</Interface_Language>
    <RecentItemsOnToolbar type="1">1</RecentItemsOnToolbar>
    <SecondToolbar_Position type="1">1</SecondToolbar_Position>
    <SecondToolbar_Show type="1">1</SecondToolbar_Show>
    <ShellExtension type="1">1</ShellExtension>
    <SkipUAC type="1">0</SkipUAC>
    <Startup_CheckForUpdates type="1">0</Startup_CheckForUpdates>
    <SubItems_ExpandCollapse type="1">0</SubItems_ExpandCollapse>
    <ToolBar_ButtonsCaptions type="1">1</ToolBar_ButtonsCaptions>
    <ToolBar_Position type="1">0</ToolBar_Position>
    <ToolBar_Show type="1">1</ToolBar_Show>
    <TrayIcon_HideOnClose type="1">0</TrayIcon_HideOnClose>
    <TrayIcon_HideOnMinize type="1">0</TrayIcon_HideOnMinize>
    <TrayIcon_Show type="1">0</TrayIcon_Show>
    <UTAutoRunList_Column_0 type="1">131002</UTAutoRunList_Column_0>
    <UTAutoRunList_Column_1 type="1">65616</UTAutoRunList_Column_1>
    <UTAutoRunList_Column_2 type="1">65636</UTAutoRunList_Column_2>
    <UTAutoRunList_Column_3 type="1">65666</UTAutoRunList_Column_3>
    <UTMainList_Column_0 type="1">65953</UTMainList_Column_0>
    <UTMainList_Column_1 type="1">65606</UTMainList_Column_1>
    <UTMainList_Column_2 type="1">65646</UTMainList_Column_2>
    <UTMainList_Column_3 type="1">65620</UTMainList_Column_3>
    <Window_Maximized type="1">0</Window_Maximized>
    <Window_Rect type="3">CRect(194, 547, 978, 1521)</Window_Rect>
    <Wizard_Action type="1">1</Wizard_Action>
</PortableProgramData>
